{
  "patients": 347,
  "accuracy": 0.8386167146974063,
  "precision": 0.6050420168067226,
  "sensitivity": 0.8888888888888888,
  "specificity": 0.8233082706766918,
  "f1": 0.72,
  "macro_f1": 0.8033198380566802,
  "auroc": 0.8990996008539868,
  "auprc": 0.6646512174227156
}